Days,Effective Precipitation (mm/day),Evapotranspiration (mm/day),Actual Evapotranspiration (mm/day),Storage (mm),Runoff (mm/day),Runoff in Area (m^3/day)
1,3.200000,0.000000,nan,332.000000,nan,nan
2,3.600000,3.276000,1.397839,335.992695,0.332000,343387.600000
3,0.000000,5.265000,2.363274,340.061890,1.283101,1327111.208621
4,1.500000,0.000000,0.000000,338.868271,2.152409,2226236.610913
5,0.000000,0.000000,0.000000,337.004347,1.863924,1927856.650704
6,0.000000,0.000000,0.000000,335.576349,1.427998,1476978.185426
7,0.000000,0.000000,0.000000,334.488348,1.088001,1125319.732512
8,0.000000,0.000000,0.000000,333.665518,0.822830,851052.862490
9,0.000000,0.000000,0.000000,333.049496,0.616022,637151.400403
10,0.000000,0.000000,0.000000,332.611349,0.454737,470334.929806
11,0.000000,0.000000,0.000000,332.278738,0.332611,344019.918604
12,0.000000,0.000000,0.000000,331.946459,0.332279,343675.898685
13,0.000000,0.000000,0.000000,331.614513,0.331946,343332.222787
14,0.000000,0.000000,0.000000,331.282898,0.331615,342988.890564
15,0.000000,0.000000,0.000000,330.951615,0.331283,342645.901673
16,0.000000,0.000000,0.000000,330.620664,0.330952,342303.255772
17,0.000000,0.000000,0.000000,330.290043,0.330621,341960.952516
18,0.000000,0.000000,0.000000,329.959753,0.330290,341618.991563
19,0.000000,0.000000,0.000000,329.629793,0.329960,341277.372572
20,0.000000,0.000000,0.000000,329.300163,0.329630,340936.095199
21,0.000000,0.000000,0.000000,328.970863,0.329300,340595.159104
22,0.000000,0.000000,0.000000,328.641892,0.328971,340254.563945
23,0.000000,0.000000,0.000000,328.313251,0.328642,339914.309381
24,0.000000,0.000000,0.000000,327.984937,0.328313,339574.395072
25,0.000000,0.000000,0.000000,327.656952,0.327985,339234.820677
26,0.000000,0.000000,0.000000,327.329295,0.327657,338895.585856
27,0.000000,0.000000,0.000000,327.001966,0.327329,338556.690270
28,0.000000,0.000000,0.000000,326.674964,0.327002,338218.133580
29,0.000000,0.000000,0.000000,326.348289,0.326675,337879.915446
30,0.000000,0.000000,0.000000,326.021941,0.326348,337542.035531
31,0.000000,0.000000,0.000000,325.695919,0.326022,337204.493495
32,0.000000,0.000000,0.000000,325.370223,0.325696,336867.289002
33,0.000000,0.000000,0.000000,325.044853,0.325370,336530.421713
34,3.400000,0.000000,0.000000,325.730658,0.325045,336193.891291
35,0.000000,0.000000,0.000000,325.183551,0.547107,565872.583732
36,0.000000,0.000000,0.000000,324.858706,0.399307,413003.186041
37,0.000000,0.000000,0.000000,324.533847,0.324859,336001.359752
38,0.000000,0.000000,0.000000,324.209314,0.324534,335665.358392
39,0.000000,0.000000,0.000000,323.885104,0.324209,335329.693034
40,0.000000,0.000000,0.000000,323.561219,0.323885,334994.363341
41,0.000000,0.000000,0.000000,323.237658,0.323561,334659.368977
42,0.000000,0.000000,0.000000,322.914420,0.323238,334324.709608
43,0.000000,0.000000,0.000000,322.591506,0.322914,333990.384899
44,0.000000,0.000000,0.000000,322.268914,0.322592,333656.394514
45,0.000000,0.000000,0.000000,321.946645,0.322269,333322.738119
46,0.000000,0.000000,0.000000,321.624699,0.321947,332989.415381
47,0.000000,0.000000,0.000000,321.303074,0.321625,332656.425966
48,0.000000,0.000000,0.000000,320.981771,0.321303,332323.769540
49,0.000000,0.000000,0.000000,320.660789,0.320982,331991.445770
50,0.000000,0.000000,0.000000,320.340128,0.320661,331659.454325
51,11.800000,0.351000,0.168728,325.505061,0.320340,331327.794870
52,1.100000,0.000000,0.000000,324.963297,1.526780,1579148.344761
53,0.000000,0.000000,0.000000,323.584171,1.379126,1426430.161835
54,0.000000,0.000000,0.000000,322.536890,1.047281,1083202.929559
55,0.000000,0.000000,0.000000,321.748420,0.788471,815515.100981
56,0.000000,0.000000,0.000000,321.161793,0.586627,606747.977874
57,0.000000,0.000000,0.000000,320.797723,0.429217,443938.975652
58,0.000000,0.000000,0.000000,320.476925,0.320798,331801.084382
59,0.000000,0.000000,0.000000,320.156448,0.320477,331469.283297
60,0.000000,1.404000,0.717480,322.039989,0.320156,331137.814014
61,2.800000,2.574000,1.338392,326.109984,0.804650,832249.321423
62,0.300000,3.393000,1.817865,329.207591,1.671543,1728876.753552
63,0.600000,3.042000,1.669986,331.559734,2.324539,2404270.588310
64,12.400000,3.744000,2.102246,339.279184,2.813562,2910066.706137
65,16.800000,14.040000,8.319285,358.585211,4.483420,4637201.443079
66,0.200000,0.000000,0.000000,350.960809,8.702354,9000844.843097
67,3.900000,0.000000,0.000000,347.280834,6.996622,7236606.206613
68,0.000000,0.000000,0.000000,341.122142,6.158692,6369935.582476
69,0.000000,0.000000,0.000000,336.346669,4.775473,4939271.918515
70,0.000000,0.000000,0.000000,332.650078,3.696590,3823383.538461
71,3.100000,0.000000,0.000000,333.024206,2.855090,2953019.850577
72,0.000000,0.000000,0.000000,330.115029,2.909176,3008960.914950
73,0.000000,0.000000,0.000000,327.874066,2.240964,2317828.613638
74,0.000000,0.000000,0.000000,326.154280,1.719786,1778774.579514
75,0.000000,0.000000,0.000000,324.840984,1.313296,1358341.564637
76,0.000000,0.000000,0.000000,323.844723,0.996261,1030432.915640
77,0.000000,0.000000,0.000000,323.095721,0.749002,774693.242927
78,0.000000,0.000000,0.000000,322.539552,0.556169,575245.342643
79,0.000000,0.000000,0.000000,322.217393,0.405787,419704.995808
80,6.600000,1.404000,0.934619,328.271613,0.322217,333269.449200
81,0.000000,0.000000,0.000000,326.546901,1.724711,1783868.989276
82,0.000000,0.000000,0.000000,325.229681,1.317220,1362400.570001
83,0.000000,0.000000,0.000000,324.230277,0.999405,1033684.220208
84,1.900000,1.521000,1.034848,328.150436,0.751537,777314.455594
85,11.500000,16.146000,11.122619,334.762897,1.586001,1640400.655297
86,3.700000,12.753000,8.660277,333.672286,3.012800,3116138.537670
87,0.000000,10.764000,7.116845,330.927336,2.744950,2839101.907361
88,0.000000,11.700000,7.519059,328.814162,2.113174,2185655.914878
89,13.000000,10.062000,6.269549,333.385254,1.620417,1675996.884314
90,20.300000,10.062000,6.283658,340.477282,2.598225,2687344.616059
91,1.200000,3.042000,1.933950,336.929865,4.130668,4272350.160205
92,2.000000,2.925000,1.849543,334.574197,3.322461,3436421.248294
93,1.100000,7.839000,4.940125,332.327664,2.776466,2871698.832452
94,1.000000,6.084000,3.764953,330.546134,2.254508,2331838.123781
95,0.000000,0.000000,0.000000,328.711254,1.834880,1897815.893428
96,0.000000,0.000000,0.000000,327.307713,1.403541,1451682.766586
97,1.500000,0.000000,0.000000,326.940302,1.067125,1103727.541280
98,0.000000,4.680000,2.866436,325.981617,0.958685,991568.166690
99,0.000000,5.265000,3.185475,325.261424,0.720193,744895.294809
100,0.000000,5.967000,3.560751,324.727228,0.534196,552518.982618
101,0.000000,3.510000,2.062042,324.402795,0.389146,402493.958456
102,0.000000,2.808000,1.634569,324.078392,0.324403,335529.810778
103,1.600000,2.340000,1.352189,324.010494,0.324078,335194.280967
104,0.500000,3.159000,1.821688,323.686739,0.380114,393151.821397
105,0.000000,7.722000,4.422037,323.363053,0.323687,334789.194576
106,0.000000,7.956000,4.464503,323.039690,0.323363,334454.405381
107,1.400000,15.912000,8.744178,322.853974,0.323040,334119.950976
108,3.500000,9.594000,5.074244,323.601002,0.352928,365033.385205
109,13.300000,17.199000,8.962853,328.331472,0.557875,577010.192050
110,1.600000,22.815000,11.833037,327.393950,1.570663,1624536.587665
111,5.000000,10.998000,5.393202,327.927095,1.336520,1382362.843138
112,5.000000,7.722000,3.741254,328.348139,1.425952,1474862.533042
113,0.000000,9.594000,4.633541,326.857389,1.490750,1541882.598554
114,0.000000,16.965000,7.988936,325.722408,1.134981,1173910.584813
115,0.700000,9.360000,4.213137,325.104958,0.857509,886921.171936
116,4.200000,6.318000,2.782173,325.819830,0.693921,717722.464992
117,3.700000,9.711000,4.276531,326.237505,0.823472,851717.247798
118,0.100000,1.170000,0.509711,325.383019,0.887668,918114.528516
119,0.900000,4.563000,1.982617,325.008832,0.672015,695065.128399
120,0.000000,10.881000,4.688698,324.446776,0.562056,581334.773749
121,5.300000,18.603000,7.789225,325.669775,0.410794,424883.983450
122,9.600000,11.817000,4.819397,327.985307,0.664474,687265.521873
123,11.700000,8.541000,3.523339,330.513004,1.146324,1185642.887248
124,0.000000,3.276000,1.389795,328.838126,1.674878,1732326.033425
125,7.200000,5.850000,2.460624,329.865006,1.278893,1322758.626977
126,0.000000,4.446000,1.898225,328.387684,1.477322,1527993.829785
127,1.300000,10.062000,4.246289,327.680543,1.124854,1163436.391041
128,0.000000,6.552000,2.707680,326.738690,0.941853,974158.807630
129,11.400000,3.510000,1.425816,329.556002,0.707243,731501.842953
130,5.700000,10.179000,4.305674,330.092144,1.299677,1344256.262565
131,4.600000,19.188000,8.094403,330.179337,1.390281,1437967.829059
132,0.000000,31.707000,12.965355,328.797194,1.382144,1429551.332050
133,0.000000,20.592000,7.725676,327.746414,1.050779,1086821.210170
134,1.600000,16.731000,5.940811,327.385891,0.792343,819519.943932
135,7.500000,33.111000,11.345840,328.652777,0.685789,709312.056564
136,0.100000,5.265000,1.724679,327.740362,0.937293,969442.501243
137,0.000000,9.828000,3.177221,327.030983,0.709378,733709.998391
138,1.100000,19.539000,6.155101,326.767890,0.526159,544205.832054
139,0.900000,28.665000,8.633310,326.532431,0.441149,456280.250592
140,0.000000,13.221000,3.708808,326.206062,0.362246,374670.562594
141,0.500000,9.594000,2.598770,325.879856,0.326206,337394.929519
142,2.900000,21.528000,5.708082,325.686716,0.325880,337057.534589
143,33.800000,19.890000,5.098299,331.578430,0.354757,366924.995745
144,38.700000,22.932000,7.198876,339.107959,1.693160,1751235.562954
145,1.300000,9.477000,3.524365,336.153231,3.322361,3436317.650723
146,0.500000,8.775000,3.204124,333.646986,2.645052,2735776.997670
147,0.100000,12.402000,4.436762,331.607743,2.066437,2137315.399011
148,1.400000,14.391000,4.984923,330.385662,1.590589,1645146.250166
149,0.000000,15.795000,5.308790,329.091118,1.294544,1338947.178439
150,0.000000,7.020000,2.262500,328.108533,0.982585,1016287.522835
151,0.000000,9.711000,3.072628,327.369249,0.739284,764641.082739
152,4.700000,13.572000,4.185777,327.919927,0.549536,568384.922650
153,3.700000,18.837000,5.780851,328.138122,0.643607,665682.381358
154,2.500000,15.912000,4.761379,328.041191,0.664558,687352.627323
155,0.000000,20.358000,5.941921,327.424982,0.616209,637345.396421
156,0.000000,16.965000,4.689329,326.971781,0.453646,469206.259711
157,0.000000,20.358000,5.378816,326.644809,0.326972,338186.912686
158,0.000000,16.965000,4.244931,326.318164,0.326645,337848.725773
159,0.000000,30.069000,7.191681,325.991846,0.326318,337510.877047
160,0.000000,33.813000,7.454464,325.665854,0.325992,337173.366170
161,1.400000,17.199000,3.458145,325.340188,0.325666,336836.192804
162,1.400000,23.283000,4.543871,325.014848,0.325340,336499.356611
163,0.000000,18.603000,3.468373,324.689833,0.325015,336162.857255
164,0.000000,19.188000,3.404290,324.365143,0.324690,335826.694397
165,10.200000,13.455000,2.267981,324.887895,0.324365,335490.867703
166,23.000000,35.568000,6.609352,327.605045,0.510406,527913.433730
167,0.000000,18.252000,4.016724,326.524451,1.080595,1117658.895170
168,5.600000,21.060000,4.414592,326.596689,0.815306,843271.231997
169,3.800000,30.654000,6.449440,326.397532,0.803669,831234.591292
170,1.900000,26.676000,5.386650,325.955154,0.732352,757471.387663
171,0.000000,15.561000,2.989311,325.347601,0.607554,628392.850461
172,0.000000,16.614000,3.062380,324.919852,0.446445,461757.557047
173,9.800000,26.559000,4.683883,325.449420,0.324920,336064.602880
174,0.000000,14.625000,2.724267,324.936837,0.512582,530163.756951
175,7.500000,24.921000,4.465512,325.345496,0.372350,385122.015304
176,3.500000,22.230000,4.100151,325.347005,0.485955,502623.741145
177,0.000000,15.561000,2.826072,324.888177,0.458827,474565.211151
178,0.000000,14.742000,2.568937,324.563314,0.330453,341787.444007
179,1.400000,23.985000,4.019308,324.238751,0.324563,335695.836139
180,0.400000,18.369000,2.944562,323.914512,0.324239,335360.140303
181,0.000000,11.817000,1.814553,323.590598,0.323915,335024.780163
182,0.000000,15.678000,2.333410,323.267007,0.323591,334689.755382
183,0.000000,30.537000,4.359534,322.943740,0.323267,334355.065627
184,0.000000,11.349000,1.491484,322.620797,0.322944,334020.710561
185,0.000000,24.570000,3.133642,322.298176,0.322621,333686.689851
186,4.400000,13.806000,1.648248,321.975878,0.322298,333353.003161
187,0.300000,24.687000,3.098668,321.653902,0.321976,333019.650158
188,3.800000,22.932000,2.709714,321.332248,0.321654,332686.630508
189,14.000000,26.091000,3.134089,321.825362,0.321332,332353.943877
190,0.500000,10.179000,1.476996,321.379826,0.500189,517345.608677
191,0.000000,18.018000,2.566090,321.058686,0.373923,386748.184481
192,0.000000,29.484000,4.002211,320.737628,0.321059,332070.999163
193,0.000000,12.987000,1.627647,320.416890,0.320738,331738.928164
194,0.000000,28.782000,3.485332,320.096473,0.320417,331407.189236
195,6.900000,21.060000,2.359270,319.907164,0.320096,331075.782047
196,3.200000,23.868000,2.919748,319.587388,0.348550,360504.861810
197,6.000000,18.018000,2.203461,319.369598,0.319587,330549.234993
198,0.000000,26.910000,3.518060,319.050330,0.341663,353382.301800
199,8.200000,30.771000,3.741172,319.030974,0.319050,329993.756236
200,6.000000,22.464000,2.947983,319.088555,0.384664,397858.025170
201,0.400000,16.965000,2.334900,318.769842,0.401501,415272.327237
202,0.100000,19.188000,2.542187,318.451072,0.318770,329703.647905
203,3.900000,38.142000,4.810028,318.132621,0.318451,329373.944257
204,1.300000,17.433000,2.140392,317.814489,0.318133,329044.570313
205,0.000000,24.219000,2.913046,317.496674,0.317814,328715.525742
206,0.000000,25.857000,2.914091,317.179178,0.317497,328386.810217
207,0.000000,15.561000,1.635748,316.861998,0.317179,328058.423406
208,5.200000,19.305000,1.947153,316.545136,0.316862,327730.364983
209,4.700000,10.413000,1.127744,316.228591,0.316545,327402.634618
210,0.600000,12.402000,1.446086,315.912363,0.316229,327075.231983
211,0.000000,17.901000,2.045420,315.596450,0.315912,326748.156751
212,27.200000,32.643000,3.556167,317.056666,0.315596,326421.408595
213,1.600000,26.910000,4.431162,316.549428,0.705960,730173.911641
214,0.000000,15.210000,2.384668,315.984565,0.564864,584238.550039
215,8.700000,35.685000,5.373396,316.545076,0.411120,425221.121687
216,1.100000,28.431000,4.454146,316.166592,0.508403,525840.747674
217,2.700000,26.559000,3.920118,315.984381,0.395718,409290.632130
218,0.000000,14.040000,2.016771,315.668530,0.345241,357082.846499
219,0.000000,23.049000,3.189924,315.352861,0.315669,326495.960294
220,0.000000,21.645000,2.815972,315.037508,0.315353,326169.464333
221,0.000000,12.636000,1.551341,314.722471,0.315038,325843.294869
222,0.300000,13.104000,1.555907,314.407748,0.314722,325517.451574
223,2.500000,25.740000,2.970345,314.093341,0.314408,325191.934123
224,4.300000,19.305000,2.193244,313.779247,0.314093,324866.742188
225,0.200000,13.923000,1.644812,313.465468,0.313779,324541.875446
226,3.600000,14.859000,1.698845,313.152003,0.313465,324217.333571
227,0.000000,16.263000,1.926720,312.838851,0.313152,323893.116237
228,0.000000,23.400000,2.654958,312.526012,0.312839,323569.223121
229,0.000000,21.879000,2.331254,312.213486,0.312526,323245.653898
230,2.100000,25.155000,2.527744,311.901272,0.312213,322922.408244
231,0.900000,26.208000,2.593590,311.589371,0.311901,322599.485836
232,0.000000,26.793000,2.528765,311.277782,0.311589,322276.886350
233,0.200000,13.104000,1.150561,310.966504,0.311278,321954.609463
234,0.000000,17.901000,1.526864,310.655537,0.310967,321632.654854
235,0.000000,22.347000,1.817310,310.344882,0.310656,321311.022199
236,0.000000,17.784000,1.362149,310.034537,0.310345,320989.711177
237,0.000000,15.210000,1.111092,309.724502,0.310035,320668.721466
238,7.700000,32.409000,2.273792,309.414778,0.309725,320348.052744
239,3.400000,34.515000,2.872542,309.105363,0.309415,320027.704692
240,5.000000,30.069000,2.527200,308.796258,0.309105,319707.676987
241,3.800000,28.431000,2.549158,308.487461,0.308796,319387.969310
242,8.700000,11.934000,1.100924,308.330835,0.308487,319068.581341
243,0.000000,24.219000,2.675140,308.022656,0.341588,353304.808918
244,0.000000,15.093000,1.562067,307.714633,0.308023,318587.832774
245,0.000000,10.881000,1.081919,307.406918,0.307715,318269.244942
246,0.000000,27.846000,2.690399,307.099511,0.307407,317950.975697
247,0.000000,13.104000,1.174345,306.792412,0.307100,317633.024721
248,0.000000,14.040000,1.215329,306.485620,0.306792,317315.391696
249,0.000000,17.433000,1.453910,306.179134,0.306486,316998.076305
250,5.400000,23.751000,1.890986,305.872955,0.306179,316681.078228
251,3.900000,19.422000,1.707372,305.567082,0.305873,316364.397150
252,20.800000,25.272000,2.348914,306.261384,0.305567,316048.032753
253,0.500000,10.998000,1.508691,305.787791,0.525233,543248.162718
254,0.000000,11.934000,1.604167,305.482385,0.389345,402699.047834
255,0.000000,14.625000,1.904851,305.176902,0.305482,315960.430412
256,0.000000,17.316000,2.169525,304.871725,0.305177,315644.469981
257,0.000000,12.870000,1.539839,304.566854,0.304872,315328.825511
258,0.000000,17.550000,2.029470,304.262287,0.304567,315013.496686
259,0.000000,32.292000,3.563715,303.958024,0.304262,314698.483189
260,0.800000,22.347000,2.258993,303.654066,0.303958,314383.784706
261,0.000000,9.711000,0.943260,303.350412,0.303654,314069.400921
262,0.000000,15.444000,1.462223,303.047062,0.303350,313755.331520
263,0.000000,12.636000,1.148292,302.744015,0.303047,313441.576189
264,0.000000,9.594000,0.843189,302.441271,0.302744,313128.134613
265,0.000000,24.102000,2.065380,302.138830,0.302441,312815.006478
266,0.000000,25.155000,2.020441,301.836691,0.302139,312502.191472
267,0.000000,25.506000,1.914555,301.534854,0.301837,312189.689280
268,0.000000,14.625000,1.024944,301.233319,0.301535,311877.499591
269,0.000000,21.879000,1.474973,300.932086,0.301233,311565.622091
270,0.000000,11.466000,0.728979,300.631154,0.300932,311254.056469
271,0.000000,16.731000,1.031982,300.330523,0.300631,310942.802413
272,0.000000,8.073000,0.476273,300.030192,0.300331,310631.859610
273,0.000000,18.603000,1.074447,299.730162,0.300030,310321.227751
274,0.000000,18.369000,1.009582,299.430432,0.299730,310010.906523
275,0.600000,7.254000,0.379634,299.131001,0.299430,309700.895616
276,4.600000,15.678000,0.828534,298.831870,0.299131,309391.194721
277,0.100000,10.998000,0.683941,298.533039,0.298832,309081.803526
278,0.100000,9.009000,0.546453,298.234505,0.298533,308772.721723
279,0.000000,8.892000,0.528923,297.936271,0.298235,308463.949001
280,0.000000,16.497000,0.958590,297.638335,0.297936,308155.485052
281,0.000000,13.221000,0.735258,297.340696,0.297638,307847.329567
282,3.100000,11.583000,0.622006,297.043356,0.297341,307539.482237
283,0.000000,20.943000,1.252895,296.746312,0.297043,307231.942755
284,0.000000,14.157000,0.800781,296.449566,0.296746,306924.710812
285,0.000000,7.839000,0.427075,296.153116,0.296450,306617.786101
286,0.000000,9.594000,0.512029,295.856963,0.296153,306311.168315
287,0.000000,12.402000,0.645369,295.561106,0.295857,306004.857147
288,0.200000,13.338000,0.671680,295.265545,0.295561,305698.852290
289,7.900000,7.956000,0.390732,294.970280,0.295266,305393.153438
290,9.600000,9.009000,0.611683,294.712608,0.294970,305087.760284
291,4.700000,3.978000,0.358078,294.417932,0.302881,313269.763656
292,0.000000,5.733000,0.576086,294.123515,0.294418,304516.467538
293,0.300000,5.733000,0.567494,293.829391,0.294124,304211.951071
294,0.100000,4.446000,0.436745,293.535562,0.293829,303907.739120
295,0.000000,10.413000,1.013580,293.242026,0.293536,303603.831381
296,0.000000,4.797000,0.454280,292.948784,0.293242,303300.227549
297,19.200000,10.881000,1.017579,293.552518,0.292949,302996.927322
298,1.300000,12.987000,1.783397,293.196997,0.489926,506730.449352
299,0.000000,15.678000,2.127729,292.904184,0.377253,390192.779180
300,0.200000,7.254000,0.944314,292.611279,0.292904,302950.797100
301,0.000000,8.424000,1.079880,292.318668,0.292611,302647.846303
302,2.000000,6.552000,0.821498,292.026349,0.292319,302345.198457
303,15.700000,15.210000,1.946222,292.795757,0.292026,302042.853258
304,2.300000,13.104000,2.094131,292.547660,0.525250,543265.802308
305,0.800000,12.519000,1.998321,292.207940,0.436008,450963.340716
306,18.400000,11.349000,1.773336,293.755970,0.326644,337848.182396
307,1.800000,4.095000,0.793916,293.322884,0.696734,720631.553270
308,0.000000,8.658000,1.695289,292.756049,0.566834,586276.684187
309,29.800000,5.148000,0.985303,296.656970,0.407545,421523.720862
310,0.200000,2.574000,0.656769,295.464433,1.231196,1273426.218221
311,0.000000,6.318000,1.603926,294.530112,0.934321,966368.711770
312,0.500000,7.137000,1.782059,293.930383,0.694289,718102.711375
313,0.600000,0.117000,0.028795,293.514310,0.527901,546007.574176
314,0.000000,0.000000,0.000000,293.176144,0.401951,415738.287496
315,0.100000,4.212000,1.041655,292.882968,0.293176,303232.086221
316,0.000000,4.563000,1.117058,292.590085,0.292883,302928.854135
317,0.000000,0.234000,0.056605,292.297495,0.292590,302625.925281
318,0.000000,0.000000,0.000000,292.005198,0.292297,302323.299356
319,0.000000,0.702000,0.169711,291.713193,0.292005,302020.976056
320,0.000000,5.031000,1.214044,291.421479,0.291713,301718.955080
321,0.000000,7.137000,1.699705,291.130058,0.291421,301417.236125
322,2.900000,13.923000,3.254247,290.901976,0.291130,301115.818889
323,0.200000,8.658000,2.004113,290.611138,0.304710,315161.159955
324,3.700000,7.371000,1.670933,290.505191,0.290611,300579.099535
325,1.500000,7.488000,1.724622,290.214871,0.330947,342298.253024
326,0.000000,7.254000,1.661554,289.924656,0.290215,300169.240699
327,0.000000,3.276000,0.736217,289.634731,0.289925,299869.071459
328,1.300000,2.340000,0.521387,289.345096,0.289635,299569.202387
329,13.400000,2.106000,0.472314,290.879490,0.289345,299269.633185
330,0.000000,0.000000,0.000000,290.189212,0.690278,713954.750925
331,2.400000,0.117000,0.029483,290.335021,0.503170,520428.950340
332,1.700000,3.042000,0.788093,290.168685,0.500037,517188.071787
333,1.900000,4.563000,1.189003,290.115565,0.428266,442956.026975
334,0.000000,2.574000,0.672969,289.825867,0.381439,394522.352473
335,22.900000,0.936000,0.243077,293.592175,0.289826,299766.893881
336,3.100000,3.276000,1.005477,293.132420,1.181886,1222424.275875
337,1.300000,0.936000,0.290621,292.393210,1.045598,1081461.898835
338,0.000000,0.000000,0.000000,291.545345,0.847865,876946.898322
339,0.000000,0.000000,0.000000,290.919081,0.626263,647744.274082
340,0.900000,0.000000,0.000000,290.958579,0.453449,469002.501482
341,0.000000,0.000000,0.000000,290.531441,0.427137,441788.259322
342,21.500000,5.967000,1.888250,295.853516,0.298201,308429.249796
343,0.500000,3.510000,1.267785,294.465800,1.525007,1577314.332879
344,0.000000,1.989000,0.713728,293.281078,1.184722,1225357.861881
345,5.100000,0.819000,0.292367,293.775822,0.889131,919628.024421
346,2.100000,0.000000,0.000000,293.396959,0.963057,996090.073852
347,6.700000,0.000000,0.000000,294.436283,0.844825,873802.406107
348,0.000000,0.000000,0.000000,293.397654,1.038629,1074253.603840
349,0.000000,0.000000,0.000000,292.622337,0.775318,801911.090818
350,0.000000,0.000000,0.000000,292.052367,0.569970,589519.937382
351,0.000000,0.000000,0.000000,291.673039,0.409834,423890.808415
352,0.000000,0.000000,0.000000,291.381366,0.291673,301677.423780
353,0.000000,0.000000,0.000000,291.089984,0.291381,301375.746356
354,0.000000,0.000000,0.000000,290.798894,0.291090,301074.370610
355,0.000000,0.000000,0.000000,290.508095,0.290799,300773.296239
356,0.000000,0.000000,0.000000,290.217587,0.290508,300472.522943
357,0.000000,0.000000,0.000000,289.927370,0.290218,300172.050420
358,0.000000,0.000000,0.000000,289.637442,0.289927,299871.878370
359,0.000000,0.000000,0.000000,289.347805,0.289637,299572.006492
360,0.000000,0.000000,0.000000,289.058457,0.289348,299272.434485
361,0.000000,0.000000,0.000000,288.769399,0.289058,298973.162051
362,0.000000,0.000000,0.000000,288.480629,0.288769,298674.188888
363,0.000000,0.000000,0.000000,288.192148,0.288481,298375.514700
364,0.000000,0.000000,0.000000,287.903956,0.288192,298077.139185
365,21.700000,1.170000,0.448752,295.326715,0.287904,297779.062046
366,0.000000,7.137000,3.096913,299.932228,1.983962,2052011.704776
367,3.000000,0.000000,0.000000,298.719738,2.961613,3063195.965749
368,19.000000,2.808000,1.316990,306.235450,2.659338,2750553.679113
369,1.200000,0.936000,0.480326,302.427931,4.277304,4424015.399523
370,1.100000,0.000000,0.000000,299.454925,3.404194,3520958.181489
371,0.000000,0.000000,0.000000,296.740212,2.714713,2807827.462457
372,0.000000,0.000000,0.000000,294.658121,2.082091,2153507.098559
373,0.000000,0.000000,0.000000,293.069439,1.588682,1643173.813041
374,0.000000,0.000000,0.000000,291.865580,1.203858,1245150.412061
375,0.000000,0.000000,0.000000,290.961850,0.903731,934728.684458
376,0.000000,0.000000,0.000000,290.292183,0.669667,692636.225565
377,0.000000,0.000000,0.000000,289.805051,0.487132,503840.559776
378,9.800000,5.616000,2.895379,296.773930,0.344790,356616.356158
379,14.300000,9.594000,5.163237,300.761415,1.886371,1951073.267016
380,0.000000,0.000000,0.000000,298.032943,2.728471,2822057.773481
381,0.000000,0.000000,0.000000,295.939847,2.093097,2164889.797373
382,0.000000,0.000000,0.000000,294.342307,1.597539,1652335.091275
383,0.000000,0.000000,0.000000,293.131267,1.211040,1252578.699469
384,0.000000,0.000000,0.000000,292.221662,0.909605,940804.956532
385,0.000000,0.000000,0.000000,291.547140,0.674522,697657.643471
386,0.000000,0.000000,0.000000,291.055949,0.491191,508038.909505
387,0.000000,0.000000,0.000000,290.765154,0.348228,360172.431065
388,0.000000,0.000000,0.000000,290.474389,0.290765,300738.399028
389,0.000000,0.000000,0.000000,290.183915,0.290474,300437.660629
390,0.000000,0.000000,0.000000,289.893731,0.290184,300137.222968
391,0.000000,0.000000,0.000000,289.603837,0.289894,299837.085745
392,0.000000,0.000000,0.000000,289.314233,0.289604,299537.248660
393,0.000000,0.000000,0.000000,289.024919,0.289314,299237.711411
394,0.000000,0.000000,0.000000,288.735894,0.289025,298938.473700
395,0.000000,0.000000,0.000000,288.447158,0.288736,298639.535226
396,0.000000,0.000000,0.000000,288.158711,0.288447,298340.895691
397,0.000000,0.000000,0.000000,287.870552,0.288159,298042.554795
398,0.000000,0.000000,0.000000,287.582682,0.287871,297744.512240
399,0.000000,0.000000,0.000000,287.295099,0.287583,297446.767728
400,0.000000,0.000000,0.000000,287.007804,0.287295,297149.320960
401,0.000000,0.000000,0.000000,286.720796,0.287008,296852.171639
402,0.000000,0.000000,0.000000,286.434075,0.286721,296555.319468
403,0.000000,0.000000,0.000000,286.147641,0.286434,296258.764148
404,6.000000,3.159000,1.729988,292.446200,0.286148,295962.505384
405,0.200000,0.819000,0.465696,293.172584,1.734497,1793990.245076
406,0.000000,0.000000,0.000000,291.314229,1.858355,1922096.613225
407,0.000000,0.000000,0.000000,289.900622,1.413607,1462093.245498
408,0.000000,0.000000,0.000000,288.833884,1.066739,1103327.760784
409,0.000000,0.000000,0.000000,288.084806,0.796218,823527.787677
410,0.000000,0.000000,0.000000,287.489188,0.595618,616047.235502
411,0.000000,0.000000,0.000000,287.060373,0.428815,443523.076621
412,27.500000,2.340000,1.347610,302.398143,0.298744,308991.226461
413,0.000000,0.000000,0.000000,298.673919,3.724224,3851965.147839
414,0.000000,0.000000,0.000000,295.804770,2.869148,2967560.073018
415,0.000000,0.000000,0.000000,293.602546,2.202225,2277761.087400
416,0.000000,0.000000,0.000000,291.920486,1.682060,1739754.814388
417,0.000000,0.000000,0.000000,290.644118,1.276367,1320146.820272
418,0.000000,0.000000,0.000000,289.684155,0.959963,992889.446797
419,0.000000,0.000000,0.000000,288.970953,0.713203,737665.520559
420,0.000000,0.000000,0.000000,288.450187,0.520765,538627.646342
421,0.000000,0.000000,0.000000,288.162113,0.370700,383414.855912
422,0.000000,0.000000,0.000000,287.873951,0.288162,298046.073192
423,0.000000,0.000000,0.000000,287.586077,0.287874,297748.027119
424,0.000000,0.000000,0.000000,287.298491,0.287586,297450.279092
425,0.000000,0.000000,0.000000,287.011192,0.287298,297152.828813
426,0.000000,0.000000,0.000000,286.724181,0.287011,296855.675984
427,0.000000,0.000000,0.000000,286.437457,0.286724,296558.820308
428,0.000000,0.000000,0.000000,286.151019,0.286437,296262.261488
429,0.000000,0.000000,0.000000,285.864868,0.286151,295965.999226
430,0.000000,0.000000,0.000000,285.579003,0.285865,295670.033227
431,0.100000,0.000000,0.000000,285.326923,0.285579,295374.363194
432,6.000000,1.872000,1.173541,291.268719,0.292663,302701.469090
433,0.000000,0.000000,0.000000,289.613717,1.655001,1711767.755131
434,0.000000,0.000000,0.000000,288.358942,1.254775,1297813.848090
435,0.000000,0.000000,0.000000,287.416308,0.942635,974967.165599
436,0.000000,0.000000,0.000000,286.717106,0.699201,723184.080892
437,0.000000,0.000000,0.000000,286.207747,0.509360,526830.565129
438,0.000000,0.000000,0.000000,285.921882,0.361319,373712.075852
439,0.000000,0.000000,0.000000,285.635960,0.285922,295729.002300
440,0.000000,0.000000,0.000000,285.350324,0.285636,295433.273298
441,0.000000,0.000000,0.000000,285.064974,0.285350,295137.840025
442,0.000000,0.000000,0.000000,284.779909,0.285065,294842.702185
443,0.000000,0.000000,0.000000,284.495129,0.284780,294547.859482
444,0.000000,0.000000,0.000000,284.210634,0.284495,294253.311623
445,3.200000,0.000000,0.000000,285.628218,0.284211,293959.058311
446,0.000000,0.819000,0.531072,287.680767,0.658321,680901.701540
447,0.000000,0.000000,0.000000,286.607255,1.073512,1110333.540535
448,2.100000,0.000000,0.000000,287.044627,0.801006,828480.170962
449,0.000000,0.351000,0.230764,288.393603,0.860930,890460.047625
450,0.000000,0.351000,0.232549,289.499330,1.121444,1159909.167605
451,0.000000,0.000000,0.000000,288.170851,1.328479,1374045.534705
452,0.000000,0.000000,0.000000,288.183484,1.000025,1034325.621047
453,0.000000,3.510000,2.352027,293.178623,0.966652,999807.728486
454,0.000000,6.435000,4.367591,300.667402,2.029466,2099076.606849
455,0.000000,7.488000,5.168893,307.982519,3.640917,3765800.514002
456,0.500000,9.009000,6.327073,303.258915,5.214199,5393045.694682
457,3.900000,10.881000,7.474624,301.169710,4.138998,4280965.370163
458,7.900000,1.170000,0.786602,301.589128,3.643401,3768369.260136
459,4.500000,1.287000,0.875477,300.231252,3.699737,3826637.614364
460,0.000000,4.563000,3.119191,296.866148,3.365104,3480526.685640
461,0.000000,5.499000,3.714398,294.277231,2.588917,2677716.443504
462,0.300000,13.104000,8.724694,292.446481,1.983527,2051561.549010
463,1.200000,13.221000,8.507545,291.491934,1.544969,1597961.480886
464,0.000000,9.360000,5.830705,290.192722,1.299212,1343774.829755
465,0.000000,11.232000,6.826454,289.215058,0.977664,1011198.150981
466,0.000000,8.307000,4.901192,288.488165,0.726893,751825.287754
467,0.000000,6.435000,3.714640,287.956838,0.531327,549551.363707
468,0.000000,4.446000,2.523510,287.669296,0.378821,391814.575310
469,0.000000,8.190000,4.594798,287.381627,0.287669,297536.353028
470,0.000000,12.636000,6.938059,287.094245,0.287382,297238.816675
471,0.000000,6.786000,3.603499,286.807151,0.287094,296941.577859
472,0.000000,9.594000,5.004653,286.520344,0.286807,296644.636281
473,0.000000,17.667000,8.985844,286.233824,0.286520,296347.991644
474,0.000000,12.285000,5.961222,285.947590,0.286234,296051.643653
475,0.000000,19.890000,9.343014,285.661642,0.285948,295755.592009
476,6.300000,16.146000,7.191845,287.063742,0.285662,295459.836417
477,0.000000,4.797000,2.098896,286.407059,0.656684,679207.823500
478,6.700000,11.934000,5.156474,288.135615,0.476161,492492.835801
479,26.300000,6.435000,2.769382,295.934727,0.820426,848567.009598
480,4.300000,1.287000,0.603806,294.972121,2.500250,2586008.895694
481,0.700000,3.393000,1.610907,292.972930,2.252532,2329794.351432
482,13.100000,8.775000,4.139558,295.906670,1.776802,1837745.947638
483,1.700000,5.499000,2.654927,294.146083,2.386352,2468203.631216
484,1.600000,3.978000,1.904226,292.766786,1.963186,2030523.022485
485,1.200000,5.967000,2.842551,291.578628,1.623939,1679640.387227
486,0.800000,7.488000,3.526632,290.539039,1.326779,1372287.799474
487,1.800000,7.371000,3.413731,290.112012,1.062340,1098778.506087
488,2.400000,5.265000,2.407571,290.015587,0.932701,964692.202887
489,1.000000,4.212000,1.916809,289.486516,0.875829,905869.933600
490,0.000000,8.190000,3.700204,288.762705,0.723811,748637.799881
491,0.000000,10.647000,4.707766,288.233719,0.528986,547130.079919
492,0.400000,11.700000,5.030061,287.945891,0.377058,389990.865752
493,0.500000,7.371000,3.077633,287.657945,0.287946,297822.435173
494,0.000000,21.177000,8.691310,287.370287,0.287658,297524.612738
495,0.000000,20.124000,7.804085,287.082917,0.287370,297227.088125
496,0.800000,20.943000,7.696457,286.795834,0.287083,296929.861037
497,0.000000,14.742000,5.144528,286.509038,0.286796,296632.931176
498,0.000000,7.488000,2.512867,286.222529,0.286509,296336.298245
499,7.000000,5.031000,1.655441,287.235692,0.286223,296039.961946
500,4.600000,10.530000,3.563371,287.846498,0.571801,591413.915296
501,0.500000,12.051000,4.073504,287.304648,0.670249,693238.043705
502,0.000000,3.861000,1.267916,286.789501,0.515148,532817.066145
503,0.000000,7.488000,2.434287,286.503073,0.365957,378509.253038
504,0.000000,14.742000,4.699134,286.216570,0.286503,296330.128223
505,0.000000,6.786000,2.080127,285.930353,0.286217,296033.798095
506,0.000000,9.828000,2.959409,285.644423,0.285930,295737.764297
507,0.000000,24.219000,7.106349,285.358778,0.285644,295442.026532
508,0.500000,9.945000,2.734192,285.073420,0.285359,295146.584506
509,0.400000,14.274000,3.837526,284.788346,0.285073,294851.437921
510,0.300000,14.040000,3.646070,284.503558,0.284788,294556.586483
511,0.000000,22.581000,5.664043,284.219054,0.284504,294262.029897
512,0.100000,10.530000,2.486088,283.934835,0.284219,293967.767867
513,2.900000,23.400000,5.378283,283.705324,0.283935,293673.800099
514,6.000000,18.486000,4.105386,284.022176,0.295624,305764.074478
515,0.100000,12.402000,2.782853,283.623621,0.415532,429785.071836
516,0.000000,23.517000,5.111728,283.340033,0.291370,301363.493297
517,0.000000,10.296000,2.101038,283.056693,0.283340,293058.596046
518,0.000000,24.219000,4.809824,282.773636,0.283057,292765.537450
519,0.000000,14.040000,2.612606,282.490863,0.282774,292472.771913
520,0.000000,24.336000,4.363095,282.208372,0.282491,292180.299141
521,0.000000,15.093000,2.534626,281.926163,0.282208,291888.118842
522,2.900000,23.166000,3.737587,281.644237,0.281926,291596.230723
523,0.000000,36.504000,5.776470,281.362593,0.281644,291304.634492
524,0.100000,16.965000,2.429609,281.081230,0.281363,291013.329858
525,0.200000,42.120000,5.775657,280.800149,0.281081,290722.316528
526,0.300000,27.261000,3.341205,280.519349,0.280800,290431.594211
527,0.000000,21.177000,2.426441,280.238830,0.280519,290141.162617
528,2.100000,35.568000,3.850806,279.958591,0.280239,289851.021455
529,1.600000,31.941000,3.298436,279.678632,0.279959,289561.170433
530,3.500000,25.623000,2.524502,279.398954,0.279679,289271.609263
531,15.100000,17.667000,1.773583,279.807282,0.279399,288982.337653
532,1.200000,13.455000,1.777430,279.496167,0.430420,445183.019121
533,3.300000,22.581000,2.942058,279.250886,0.324551,335683.470389
534,0.800000,20.241000,2.638993,278.971669,0.286699,296532.761178
535,0.500000,15.444000,1.936519,278.692697,0.278972,288540.397029
536,0.000000,9.009000,1.094860,278.414004,0.278693,288251.856632
537,0.000000,10.764000,1.277482,278.135590,0.278414,287963.604775
538,0.800000,29.484000,3.401193,277.857455,0.278136,287675.641171
539,0.000000,17.901000,1.940631,277.579597,0.277857,287387.965529
540,0.000000,24.570000,2.539555,277.302018,0.277580,287100.577564
541,0.000000,26.091000,2.524373,277.024716,0.277302,286813.476986
542,0.000000,36.972000,3.334312,276.747691,0.277025,286526.663509
543,0.000000,39.780000,3.242455,276.470943,0.276748,286240.136846
544,0.000000,42.003000,3.069308,276.194472,0.276471,285953.896709
545,0.000000,16.380000,1.066140,275.918278,0.276194,285667.942812
546,0.000000,27.378000,1.706034,275.642360,0.275918,285382.274869
547,0.000000,19.890000,1.151140,275.366717,0.275642,285096.892595
548,0.000000,17.550000,0.963150,275.091351,0.275367,284811.795702
549,0.000000,12.285000,0.643420,274.816259,0.275091,284526.983906
550,0.000000,31.590000,1.601625,274.541443,0.274816,284242.456922
551,1.200000,17.433000,0.811215,274.266902,0.274541,283958.214465
552,0.500000,18.837000,0.893564,273.992635,0.274267,283674.256251
553,0.000000,19.890000,0.922234,273.718642,0.273993,283390.581995
554,0.000000,17.550000,0.771626,273.444923,0.273719,283107.191413
555,0.100000,12.051000,0.505656,273.171478,0.273445,282824.084221
556,0.000000,19.890000,0.813424,272.898307,0.273171,282541.260137
557,0.000000,21.996000,0.853000,272.625409,0.272898,282258.718877
558,0.000000,39.312000,1.437265,272.352783,0.272625,281976.460158
559,0.000000,18.369000,0.602890,272.080430,0.272353,281694.483698
560,0.000000,27.261000,0.851973,271.808350,0.272080,281412.789214
561,9.800000,46.332000,1.345287,271.536542,0.271808,281131.376425
562,7.800000,32.058000,1.618424,271.265005,0.271537,280850.245049
563,70.400000,41.067000,2.702358,274.006009,0.271265,280569.394804
564,14.700000,37.206000,8.666377,275.663927,0.933693,965718.460779
565,4.900000,33.696000,8.150553,275.302116,1.259232,1302424.062634
566,0.000000,21.645000,5.002003,274.161645,1.140471,1179588.999595
567,0.000000,16.380000,3.572129,273.311202,0.850443,879613.460926
568,0.200000,29.835000,6.229096,272.718511,0.624261,645673.006723
569,0.000000,39.546000,7.633025,272.263688,0.454823,470423.620780
570,0.000000,12.987000,2.248789,271.991623,0.315755,326585.741969
571,8.700000,25.623000,4.286885,272.367681,0.271992,281320.935730
572,1.700000,18.135000,3.190512,272.179126,0.414290,428500.625066
573,13.100000,18.720000,3.209841,273.371485,0.333765,345213.214228
574,0.600000,15.795000,3.045087,272.864826,0.594044,614419.309918
575,0.000000,22.581000,4.204563,272.421250,0.443576,458791.114984
576,0.000000,14.508000,2.542669,272.148986,0.307026,317557.313299
577,0.000000,31.005000,5.228819,271.876837,0.272149,281483.696687
578,0.600000,28.080000,4.353528,271.604961,0.271877,281202.212990
579,0.000000,39.780000,5.771756,271.333356,0.271605,280921.010777
580,0.000000,38.142000,4.961324,271.062022,0.271333,280640.089766
581,0.000000,39.663000,4.647189,270.790960,0.271062,280359.449677
582,5.600000,24.219000,2.544834,270.520169,0.270791,280079.090227
583,0.000000,29.835000,3.337797,270.249649,0.270520,279799.011137
584,0.000000,24.570000,2.535403,269.979400,0.270250,279519.212126
585,0.000000,33.462000,3.232244,269.709420,0.269979,279239.692913
586,0.000000,38.727000,3.415137,269.439711,0.269709,278960.453221
587,0.000000,14.157000,1.122643,269.170271,0.269440,278681.492767
588,3.700000,27.144000,2.073222,268.901101,0.269170,278402.811275
589,1.400000,13.221000,1.058484,268.632200,0.268901,278124.408463
590,8.400000,30.771000,2.484173,268.421429,0.268632,277846.284055
591,4.100000,32.877000,3.116782,268.153066,0.281093,290734.648507
592,1.800000,21.411000,2.068320,267.884913,0.268153,277350.715745
593,0.000000,18.369000,1.755402,267.617028,0.267885,277073.365030
594,0.000000,18.369000,1.671508,267.349411,0.267617,276796.291665
595,0.000000,21.294000,1.845067,267.082061,0.267349,276519.495373
596,23.100000,29.835000,2.441900,267.781097,0.267082,276242.975878
597,21.400000,20.943000,2.762593,269.426204,0.479361,495802.986117
598,1.800000,31.473000,5.503779,268.862600,0.801167,828646.997685
599,0.000000,36.270000,5.970715,268.225503,0.637097,658949.034330
600,0.700000,17.199000,2.564097,267.847241,0.456898,472569.641890
601,0.000000,23.283000,3.353440,267.579694,0.333683,345128.346692
602,0.000000,13.104000,1.773032,267.312115,0.267580,276757.677706
603,0.000000,28.899000,3.776857,267.044802,0.267312,276480.920029
604,0.000000,23.166000,2.799961,266.777758,0.267045,276204.439109
605,11.600000,25.038000,2.843822,267.051058,0.266778,275928.234670
606,0.000000,23.049000,3.083630,266.694469,0.385328,398544.893725
607,0.600000,18.369000,2.310140,266.427774,0.266694,275842.089128
608,7.500000,17.784000,2.154814,266.394677,0.266428,275566.247039
609,0.900000,23.166000,3.087911,266.128516,0.317494,328384.189406
610,0.000000,19.890000,2.533342,265.862388,0.266129,275256.724242
611,0.000000,26.793000,3.235963,265.596525,0.265862,274981.467517
612,0.000000,24.336000,2.734324,265.330929,0.265597,274706.486050
613,0.000000,15.561000,1.637688,265.065598,0.265331,274431.779564
614,0.000000,27.846000,2.811950,264.800532,0.265066,274157.347784
615,0.000000,31.590000,2.958913,264.535732,0.264801,273883.190436
616,2.500000,15.093000,1.297511,264.271196,0.264536,273609.307246
617,0.600000,16.614000,1.473284,264.006925,0.264271,273335.697939
618,0.000000,9.828000,0.848170,263.742918,0.264007,273062.362241
619,0.000000,19.422000,1.633287,263.479175,0.263743,272789.299879
620,0.000000,26.325000,2.101926,263.215696,0.263479,272516.510579
621,0.000000,22.698000,1.688198,262.952480,0.263216,272243.994068
622,0.000000,34.515000,2.415505,262.689528,0.262952,271971.750074
623,4.800000,27.027000,1.721609,262.426838,0.262690,271699.778324
624,0.900000,17.316000,1.231419,262.164411,0.262427,271428.078546
625,12.100000,23.517000,1.649193,262.086831,0.262164,271156.650467
626,0.000000,31.473000,3.010936,261.824929,0.302511,312886.959740
627,0.000000,20.826000,1.829221,261.563104,0.261825,270805.524077
628,0.000000,19.305000,1.603749,261.301541,0.261563,270534.718553
629,0.000000,14.742000,1.163169,261.040239,0.261302,270264.183834
630,0.000000,16.146000,1.225084,260.779199,0.261040,269993.919651
631,8.600000,13.806000,1.003531,260.536081,0.260779,269723.925731
632,0.000000,16.965000,1.547811,260.275563,0.264404,273472.966722
633,5.000000,21.411000,1.867221,260.015287,0.260276,269203.014717
634,14.300000,12.168000,1.149986,260.318996,0.260015,268933.811702
635,3.900000,13.923000,1.755480,260.305126,0.383774,396937.938575
636,0.000000,18.486000,2.416158,260.045180,0.339060,350689.277522
637,28.100000,20.943000,2.605639,261.964713,0.260045,268964.730135
638,0.500000,16.263000,2.990843,261.294854,0.739292,764649.960385
639,0.000000,12.753000,2.260386,260.744587,0.550266,569140.224344
640,0.000000,23.517000,4.029931,260.356995,0.387592,400886.568504
641,0.000000,10.296000,1.656395,260.096640,0.260748,269691.759756
642,0.000000,26.559000,4.158287,259.836543,0.260097,269017.954816
643,0.000000,16.848000,2.455579,259.576707,0.259837,268748.936861
644,0.000000,23.985000,3.342553,259.317130,0.259577,268480.187924
645,0.000000,22.932000,2.996377,259.057813,0.259317,268211.707736
646,0.700000,11.700000,1.437552,258.798755,0.259058,267943.496028
647,0.000000,10.530000,1.271818,258.539956,0.258799,267675.552532
648,0.000000,6.318000,0.742185,258.281417,0.258540,267407.876980
649,0.000000,9.711000,1.122013,258.023135,0.258281,267140.469103
650,1.400000,15.678000,1.765676,257.765112,0.258023,266873.328634
651,3.200000,15.795000,1.758956,257.507347,0.257765,266606.455305
652,0.500000,17.316000,1.981198,257.249840,0.257507,266339.848850
653,0.000000,11.934000,1.318095,256.992590,0.257250,266073.509001
654,2.500000,20.241000,2.166178,256.735597,0.256993,265807.435492
655,0.000000,8.424000,0.904443,256.478861,0.256736,265541.628056
656,6.800000,12.285000,1.290071,256.308569,0.256479,265276.086428
657,0.000000,10.881000,1.283440,256.052346,0.275183,284622.066287
658,0.500000,7.488000,0.858224,255.796294,0.256052,264834.941604
659,0.100000,2.925000,0.332190,255.540497,0.255796,264570.106662
660,0.000000,5.850000,0.660716,255.284957,0.255540,264305.536556
661,15.900000,6.318000,0.702712,255.908328,0.255285,264041.231019
662,1.100000,4.212000,0.620456,255.582076,0.448334,463711.800541
663,5.800000,7.488000,1.109998,255.803463,0.333860,345311.532681
664,0.200000,5.382000,0.854413,255.521525,0.360181,372535.543680
665,0.200000,5.031000,0.789811,255.266003,0.255522,264285.913211
666,0.000000,7.605000,1.181761,255.010737,0.255266,264021.627298
667,0.000000,3.510000,0.534636,254.755727,0.255011,263757.605671
668,0.000000,4.095000,0.618046,254.500971,0.254756,263493.848065
669,0.600000,8.307000,1.240393,254.246470,0.254501,263230.354217
670,4.100000,9.477000,1.397641,253.997790,0.254246,262967.123863
671,2.500000,12.870000,1.973265,253.743798,0.255217,263970.744600
672,0.000000,4.446000,0.684424,253.490054,0.253744,262447.209800
673,0.000000,11.349000,1.726874,253.236564,0.253490,262184.762590
674,0.000000,13.104000,1.935041,252.983327,0.253237,261922.577827
675,2.800000,7.371000,1.051351,252.730344,0.252983,261660.655249
676,2.800000,12.285000,1.798529,252.477613,0.252730,261398.994594
677,0.000000,12.519000,1.855347,252.225136,0.252478,261137.595599
678,13.500000,10.530000,1.509742,252.980813,0.252225,260876.458004
679,13.300000,14.274000,2.437687,254.220916,0.473711,489959.790510
680,0.500000,2.106000,0.409786,253.591255,0.703166,727284.814869
681,0.000000,4.914000,0.956382,253.069939,0.521316,539197.285538
682,1.100000,7.839000,1.506151,252.866252,0.363345,375808.096128
683,0.000000,8.307000,1.583842,252.613488,0.275296,284738.967076
684,4.700000,6.084000,1.134926,252.572999,0.252613,261278.130836
685,32.100000,10.062000,1.952989,256.743227,0.299028,309284.901137
686,0.600000,4.797000,1.248584,255.636271,1.225290,1267317.622126
687,0.000000,0.000000,0.000000,254.697803,0.938468,970657.476116
688,0.000000,0.000000,0.000000,254.009046,0.688757,712380.919759
689,0.000000,1.638000,0.423077,254.952058,0.494025,510969.937712
690,0.000000,3.510000,0.956667,254.305469,0.658326,680906.073478
691,0.300000,1.989000,0.537394,253.893952,0.472957,489179.318804
692,0.000000,0.000000,0.000000,253.640448,0.339347,350987.049260
693,0.000000,0.000000,0.000000,253.386807,0.253640,262340.315266
694,0.000000,0.000000,0.000000,253.133421,0.253387,262077.974951
695,0.000000,0.000000,0.000000,252.880287,0.253133,261815.896976
696,0.000000,0.000000,0.000000,252.627407,0.252880,261554.081079
697,0.000000,0.000000,0.000000,252.374780,0.252627,261292.526998
698,25.200000,10.296000,2.773799,262.025591,0.252375,261031.234471
699,2.200000,6.435000,2.362687,260.208932,2.430823,2514200.691526
700,0.800000,0.000000,0.000000,258.443200,1.987823,2056005.568252
701,1.500000,0.000000,0.000000,257.305282,1.556070,1609443.441214
702,0.000000,0.000000,0.000000,256.042802,1.262480,1305782.736690
703,0.000000,0.000000,0.000000,255.101273,0.941529,973823.274479
704,0.000000,0.000000,0.000000,254.410043,0.691230,714939.581214
705,0.000000,0.000000,0.000000,253.914002,0.496041,513054.943040
706,0.000000,0.000000,0.000000,253.660499,0.343836,355629.523195
707,0.000000,0.000000,0.000000,253.406838,0.253660,262361.053612
708,0.000000,0.000000,0.000000,253.153431,0.253407,262098.692559
709,0.000000,0.000000,0.000000,252.900278,0.253153,261836.593866
710,0.000000,0.000000,0.000000,252.647377,0.252900,261574.757272
711,0.000000,0.000000,0.000000,252.394730,0.252647,261313.182515
712,0.000000,0.000000,0.000000,252.142335,0.252395,261051.869332
713,0.000000,0.000000,0.000000,251.890193,0.252142,260790.817463
714,0.000000,0.000000,0.000000,251.638303,0.251890,260530.026646
715,0.000000,0.000000,0.000000,251.386665,0.251638,260269.496619
716,0.000000,0.000000,0.000000,251.135278,0.251387,260009.227122
717,0.000000,0.000000,0.000000,250.884143,0.251135,259749.217895
718,0.000000,0.000000,0.000000,250.633258,0.250884,259489.468677
719,0.000000,0.000000,0.000000,250.382625,0.250633,259229.979209
720,0.000000,0.000000,0.000000,250.132243,0.250383,258970.749229
721,0.000000,0.000000,0.000000,249.882110,0.250132,258711.778480
722,0.000000,0.000000,0.000000,249.632228,0.249882,258453.066702
723,1.500000,0.000000,0.000000,250.136998,0.249632,258194.613635
724,3.300000,2.574000,0.971633,253.392726,0.415351,429597.503269
725,10.200000,2.691000,1.072821,258.358895,1.087676,1124983.221927
726,0.200000,0.000000,0.000000,256.676358,2.136342,2209618.418592
727,0.000000,0.000000,0.000000,255.255526,1.722336,1781412.470795
728,9.600000,0.000000,0.000000,257.558428,1.365950,1412801.761848
729,1.100000,0.234000,0.106526,257.542798,1.828829,1891557.404583
730,0.000000,0.000000,0.000000,255.761124,1.781674,1842785.318501
731,0.000000,0.000000,0.000000,254.415091,1.346033,1392202.331607
